FileName,FileSize,IsCSV,HashCode
characters/dwarfpack.ab,1864812,0,c4d9042a2ad637c7c6b3361c3413141e5ef2f0dd
characters/fantasypack.ab,2351427,0,29e5730aa4258bf4420a3e91545b86b4875bd237
characters/humanpack.ab,3538718,0,fb4973a58379d1d1979061bef09342e8a36505c6
characters/shared.ab,1527598,0,eff62004152eb4094c6d9e7eeb1fe080962bd372
effects/bullets.ab,2679458,0,b062461b59346a6e76c76ad164774138145724f2
effects/magicprojectiles.ab,2184085,0,3f35a84a6ec3d22530d031f8e0154f362b2305cb
images/skillicons.ab,222735,0,b399753585589dc5fc6cf0abc03684084ea98b9b
skyboxs/skyboxs.ab,8599,0,612ab78d67d123709ffb499cbe4431b7a6103a46
terrainobjects/farmterrianobjects.ab,7898745,0,56a538ab8754dd039ee3ca86d1c96bdc3d62e3f3
terrains/farmterrain.ab,11978790,0,3e53df0a48e36c8eb63fdbec4634c46e3c109402
